,Castillo,Keiko
AL - KUWAIT,0.0%,0.0%
ALBERTA,22.5%,77.5%
ALMERIA,35.0%,65.0%
AMBERES,44.2%,55.8%
AMMAN,61.5%,38.5%
AMSTERDAM,32.1%,67.9%
ANDORRA LA VELLA,41.5%,58.5%
ANKARA,16.7%,83.3%
ANTOFAGASTA,51.0%,49.0%
ARAGUA,12.9%,87.1%
ARGEL,33.3%,66.7%
ARICA,65.4%,34.6%
ARUBA,18.9%,81.1%
ASUNCION,25.5%,74.5%
ATENAS,38.5%,61.5%
ATLANTA,19.6%,80.4%
AUCKLAND,23.6%,76.4%
AZUAY (CUENCA),52.4%,47.6%
BANGKOK,20.0%,80.0%
BARCELONA,36.9%,63.1%
BARRANQUILLA,24.3%,75.7%
BEIJING (PEKIN),40.0%,60.0%
BEIRUT,0.0%,0.0%
BELO HORIZONTE,36.1%,63.9%
BERLIN,47.4%,52.6%
BERNA,33.9%,66.1%
BILBAO,43.4%,56.6%
BOGOTA,27.7%,72.3%
BOLONIA,44.9%,55.1%
BOSTON,25.9%,74.1%
BRASILIA,39.0%,61.0%
BREMEN,27.5%,72.5%
BRISBANE,22.7%,77.3%
BRUSELAS,48.8%,51.2%
BUCAREST,25.0%,75.0%
BUDAPEST,39.7%,60.3%
BUENOS AIRES,41.4%,58.6%
BURDEOS,56.5%,43.5%
CALI,32.8%,67.2%
CAMBERRA,32.8%,67.2%
CARACAS,17.0%,83.0%
CAROLINA DEL NORTE (CHARLOTTE),16.0%,84.0%
CARTAGENA,16.0%,84.0%
CAYENA,39.2%,60.8%
CHICAGO,20.5%,79.5%
CIUDAD DE MEXICO,26.7%,73.3%
COCHABAMBA,33.3%,66.7%
COLON,53.8%,46.2%
COLONIA,40.0%,60.0%
CONCEPCION,32.5%,67.5%
COPENHAGUE,45.1%,54.9%
COPIAPO,48.0%,52.0%
CORDOBA,46.9%,53.1%
CORRIENTES,34.7%,65.3%
CURITIBA,28.4%,71.6%
DALLAS,15.1%,84.9%
DAVID,21.4%,78.6%
DENVER,27.4%,72.6%
DOHA,5.3%,94.7%
DUBAI,9.1%,90.9%
DUBLIN,38.5%,61.5%
EL ALTO,66.5%,33.5%
EL CAIRO,66.7%,33.3%
ESTAMBUL,23.5%,76.5%
ESTOCOLMO,52.8%,47.2%
ESTRASBURGO,60.7%,39.3%
FLORENCIA,55.3%,44.7%
FORTALEZA,61.5%,38.5%
FRANKFURT,35.2%,64.8%
FUKUOKA,16.9%,83.1%
GANTE,34.7%,65.3%
GENOVA,43.9%,56.1%
GINEBRA,35.7%,64.3%
GOIAS,47.2%,52.8%
GUADALAJARA,22.1%,77.9%
GUANGZHOU,0.0%,100.0%
GUATEMALA,17.1%,82.9%
GUAYAQUIL,23.0%,77.0%
GUNMA,6.0%,94.0%
HAMBURGO,39.3%,60.7%
HANOI,0.0%,100.0%
HARTFORD,27.2%,72.8%
HELSINKI,38.3%,61.7%
HIROSHIMA,6.1%,93.9%
HONG KONG,19.1%,80.9%
HOUSTON,15.1%,84.9%
IQUIQUE,43.5%,56.5%
JAKARTA,20.0%,80.0%
JOHANNESBURGO,2.6%,97.4%
KHARKOV,0.0%,100.0%
KIEV,41.9%,58.1%
KOBE,10.6%,89.4%
KUALA LUMPUR,0.0%,100.0%
LA HABANA,73.5%,26.5%
LA PAZ,35.8%,64.2%
LA PLATA,44.4%,55.6%
LAS PALMAS,32.5%,67.5%
LETICIA,29.4%,70.6%
LIEJA,44.2%,55.8%
LISBOA,16.7%,83.3%
LOJA,42.9%,57.1%
LONDRES,31.1%,68.9%
LOS ANGELES,17.1%,82.9%
LUXEMBURGO,40.8%,59.2%
LYON,53.3%,46.7%
MACHALA,38.9%,61.1%
MADRID,38.2%,61.8%
MALAGA,28.8%,71.2%
MALLORCA,32.9%,67.1%
MALMO,52.0%,48.0%
MANAGUA,23.4%,76.6%
MANAOS,35.7%,64.3%
MANILA,55.6%,44.4%
MANITOBA,22.2%,77.8%
MARCAS,51.1%,48.9%
MARSELLA,47.7%,52.3%
MEDELLIN,23.2%,76.8%
MELBOURNE,27.2%,72.8%
MENDOZA,45.3%,54.7%
MIAMI,7.3%,92.7%
MIE,9.3%,90.7%
MILAN,45.8%,54.2%
MINSK,41.7%,58.3%
MONTERREY,19.6%,80.4%
MONTEVIDEO,44.2%,55.8%
MONTREAL,26.3%,73.7%
MOSCU,60.0%,40.0%
MUNICH,36.8%,63.2%
NAGOYA,8.8%,91.2%
NAPOLES,44.0%,56.0%
NIZA,29.6%,70.4%
NUEVA DELHI,0.0%,100.0%
NUEVA JERSEY,20.0%,80.0%
NUEVA ORLEANS,17.4%,82.6%
NUEVA YORK,26.5%,73.5%
OKINAWA,2.4%,97.6%
OKLAHOMA,28.1%,71.9%
OSLO,56.0%,44.0%
OTTAWA,26.5%,73.5%
OVIEDO,40.9%,59.1%
PANAMA,21.6%,78.4%
PARIS,43.2%,56.8%
PERTH,26.5%,73.5%
PERUGIA,57.7%,42.3%
PHOENIX,17.8%,82.2%
PORTO ALEGRE,48.8%,51.2%
PRAGA,43.1%,56.9%
PRETORIA,28.6%,71.4%
PUERTO ESPA¿¿A,14.3%,85.7%
PUERTO ORDAZ,13.5%,86.5%
PUERTO PRINCIPE,25.0%,75.0%
QUITO,35.4%,64.6%
RABAT,33.3%,66.7%
RIAD,0.0%,0.0%
RIO BRANCO,42.6%,57.4%
RIO DE JANEIRO,46.1%,53.9%
ROMA,46.6%,53.4%
ROSARIO DE SANTA FE,47.8%,52.2%
SAITAMA,6.7%,93.3%
SALAMANCA,43.1%,56.9%
SALONICA,16.7%,83.3%
SALT LAKE CITY,24.2%,75.8%
SALTA,0.0%,0.0%
SALVADOR,43.9%,56.1%
SAN ANTONIO,22.7%,77.3%
SAN DIEGO,17.3%,82.7%
SAN FRANCISCO,25.0%,75.0%
SAN JOSE,22.5%,77.5%
SAN JUAN,20.2%,79.8%
SAN PETERSBURGO,33.3%,66.7%
SAN SALVADOR,34.8%,65.2%
SANTA CRUZ,23.0%,77.0%
SANTIAGO,42.6%,57.4%
SANTIAGO DE LOS CABALLEROS,41.9%,58.1%
SANTO DOMINGO,31.3%,68.8%
SAO PAULO,51.3%,48.7%
SEATLE,22.8%,77.2%
SEUL,42.1%,57.9%
SEVILLA,38.7%,61.3%
SHANGHAI,5.0%,95.0%
SHIGA,5.6%,94.4%
SHIZUOKA,5.4%,94.6%
SIDNEY,30.5%,69.5%
SINGAPUR,6.1%,93.9%
SKOPJE,0.0%,100.0%
TAMPA,9.7%,90.3%
TEGUCIGALPA,18.4%,81.6%
TEHERAN,11.4%,88.6%
TEL AVIV,16.8%,83.2%
TENERIFE,30.6%,69.4%
TIMISOARA,33.3%,66.7%
TOKIO,8.0%,92.0%
TORONTO,19.7%,80.3%
TOULOUSE,43.0%,57.0%
TRIESTE,35.8%,64.2%
TURIN,51.2%,48.8%
VALENCIA,30.3%,69.7%
VANCOUVER,22.6%,77.4%
VARSOVIA,36.4%,63.6%
VERAGUAS,8.3%,91.7%
VIENA,38.7%,61.3%
VIGO,43.1%,56.9%
WASHINGTON D. C.,24.1%,75.9%
WELLINGTON,34.2%,65.8%
ZAGREB,57.1%,42.9%
ZARAGOZA,35.7%,64.3%
ZURICH,25.7%,74.3%
